Domain,Query ID,Query
React Native memory leak,1,how to fix React Native memory leak
React Native memory leak,2,fix the React Native memory leak in my code
React Native memory leak,3,React Native memory leak github issue
React Native memory leak,4,write a patch to resolve React Native memory leak
React Native memory leak,5,React Native memory leak tutorial
React Native memory leak,6,why am I getting React Native memory leak
React Native memory leak,7,debug this React Native memory leak for me
React Native memory leak,8,troubleshooting React Native memory leak
React Native memory leak,9,provide a code solution for React Native memory leak
React Native memory leak,10,resolving React Native memory leak permanently
React Native memory leak,11,React Native memory leak error meaning
React Native memory leak,12,fix React Native memory leak fast
React Native memory leak,13,guide to fixing React Native memory leak
React Native memory leak,14,help with React Native memory leak
React Native memory leak,15,React Native memory leak reddit
React Native memory leak,16,React Native memory leak forum
React Native memory leak,17,what causes React Native memory leak
React Native memory leak,18,preventing React Native memory leak
React Native memory leak,19,React Native memory leak step by step fix
React Native memory leak,20,can't solve React Native memory leak
React Native memory leak,21,React Native memory leak simple fix
React Native memory leak,22,advanced React Native memory leak debugging
React Native memory leak,23,React Native memory leak solved
React Native memory leak,24,React Native memory leak explained
React Native memory leak,25,fix React Native memory leak production
React Native memory leak,26,React Native memory leak common causes
React Native memory leak,27,how to debug React Native memory leak
React Native memory leak,28,React Native memory leak community solutions
React Native memory leak,29,React Native memory leak developer forum
React Native memory leak,30,fixing React Native memory leak forever
React Native memory leak,31,React Native memory leak examples
React Native memory leak,32,React Native memory leak deep dive
React Native memory leak,33,understanding React Native memory leak
React Native memory leak,34,React Native memory leak known bugs
React Native memory leak,35,React Native memory leak open source help
React Native memory leak,36,how to prevent React Native memory leak
React Native memory leak,37,React Native memory leak checklist
React Native memory leak,38,React Native memory leak step-by-step troubleshooting
React Native memory leak,39,React Native memory leak dev.to
React Native memory leak,40,React Native memory leak medium article
React Native memory leak,41,React Native memory leak hackernews
React Native memory leak,42,who has fixed React Native memory leak
React Native memory leak,43,React Native memory leak quick fix
React Native memory leak,44,React Native memory leak easy solution
React Native memory leak,45,expert advice on React Native memory leak
React Native memory leak,46,React Native memory leak exact steps
React Native memory leak,47,has anyone solved React Native memory leak
React Native memory leak,48,React Native memory leak top answers
React Native memory leak,49,React Native memory leak accepted answer
React Native memory leak,50,React Native memory leak code snippet
Docker localhost connection refused,1,how to fix Docker localhost connection refused
Docker localhost connection refused,2,fix the Docker localhost connection refused in my code
Docker localhost connection refused,3,Docker localhost connection refused github issue
Docker localhost connection refused,4,write a patch to resolve Docker localhost connection refused
Docker localhost connection refused,5,Docker localhost connection refused tutorial
Docker localhost connection refused,6,why am I getting Docker localhost connection refused
Docker localhost connection refused,7,debug this Docker localhost connection refused for me
Docker localhost connection refused,8,troubleshooting Docker localhost connection refused
Docker localhost connection refused,9,provide a code solution for Docker localhost connection refused
Docker localhost connection refused,10,resolving Docker localhost connection refused permanently
Docker localhost connection refused,11,Docker localhost connection refused error meaning
Docker localhost connection refused,12,fix Docker localhost connection refused fast
Docker localhost connection refused,13,guide to fixing Docker localhost connection refused
Docker localhost connection refused,14,help with Docker localhost connection refused
Docker localhost connection refused,15,Docker localhost connection refused reddit
Docker localhost connection refused,16,Docker localhost connection refused forum
Docker localhost connection refused,17,what causes Docker localhost connection refused
Docker localhost connection refused,18,preventing Docker localhost connection refused
Docker localhost connection refused,19,Docker localhost connection refused step by step fix
Docker localhost connection refused,20,can't solve Docker localhost connection refused
Docker localhost connection refused,21,Docker localhost connection refused simple fix
Docker localhost connection refused,22,advanced Docker localhost connection refused debugging
Docker localhost connection refused,23,Docker localhost connection refused solved
Docker localhost connection refused,24,Docker localhost connection refused explained
Docker localhost connection refused,25,fix Docker localhost connection refused production
Docker localhost connection refused,26,Docker localhost connection refused common causes
Docker localhost connection refused,27,how to debug Docker localhost connection refused
Docker localhost connection refused,28,Docker localhost connection refused community solutions
Docker localhost connection refused,29,Docker localhost connection refused developer forum
Docker localhost connection refused,30,fixing Docker localhost connection refused forever
Docker localhost connection refused,31,Docker localhost connection refused examples
Docker localhost connection refused,32,Docker localhost connection refused deep dive
Docker localhost connection refused,33,understanding Docker localhost connection refused
Docker localhost connection refused,34,Docker localhost connection refused known bugs
Docker localhost connection refused,35,Docker localhost connection refused open source help
Docker localhost connection refused,36,how to prevent Docker localhost connection refused
Docker localhost connection refused,37,Docker localhost connection refused checklist
Docker localhost connection refused,38,Docker localhost connection refused step-by-step troubleshooting
Docker localhost connection refused,39,Docker localhost connection refused dev.to
Docker localhost connection refused,40,Docker localhost connection refused medium article
Docker localhost connection refused,41,Docker localhost connection refused hackernews
Docker localhost connection refused,42,who has fixed Docker localhost connection refused
Docker localhost connection refused,43,Docker localhost connection refused quick fix
Docker localhost connection refused,44,Docker localhost connection refused easy solution
Docker localhost connection refused,45,expert advice on Docker localhost connection refused
Docker localhost connection refused,46,Docker localhost connection refused exact steps
Docker localhost connection refused,47,has anyone solved Docker localhost connection refused
Docker localhost connection refused,48,Docker localhost connection refused top answers
Docker localhost connection refused,49,Docker localhost connection refused accepted answer
Docker localhost connection refused,50,Docker localhost connection refused code snippet
Python Pandas MemoryError large dataset,1,how to fix Python Pandas MemoryError large dataset
Python Pandas MemoryError large dataset,2,fix the Python Pandas MemoryError large dataset in my code
Python Pandas MemoryError large dataset,3,Python Pandas MemoryError large dataset github issue
Python Pandas MemoryError large dataset,4,write a patch to resolve Python Pandas MemoryError large dataset
Python Pandas MemoryError large dataset,5,Python Pandas MemoryError large dataset tutorial
Python Pandas MemoryError large dataset,6,why am I getting Python Pandas MemoryError large dataset
Python Pandas MemoryError large dataset,7,debug this Python Pandas MemoryError large dataset for me
Python Pandas MemoryError large dataset,8,troubleshooting Python Pandas MemoryError large dataset
Python Pandas MemoryError large dataset,9,provide a code solution for Python Pandas MemoryError large dataset
Python Pandas MemoryError large dataset,10,resolving Python Pandas MemoryError large dataset permanently
Python Pandas MemoryError large dataset,11,Python Pandas MemoryError large dataset error meaning
Python Pandas MemoryError large dataset,12,fix Python Pandas MemoryError large dataset fast
Python Pandas MemoryError large dataset,13,guide to fixing Python Pandas MemoryError large dataset
Python Pandas MemoryError large dataset,14,help with Python Pandas MemoryError large dataset
Python Pandas MemoryError large dataset,15,Python Pandas MemoryError large dataset reddit
Python Pandas MemoryError large dataset,16,Python Pandas MemoryError large dataset forum
Python Pandas MemoryError large dataset,17,what causes Python Pandas MemoryError large dataset
Python Pandas MemoryError large dataset,18,preventing Python Pandas MemoryError large dataset
Python Pandas MemoryError large dataset,19,Python Pandas MemoryError large dataset step by step fix
Python Pandas MemoryError large dataset,20,can't solve Python Pandas MemoryError large dataset
Python Pandas MemoryError large dataset,21,Python Pandas MemoryError large dataset simple fix
Python Pandas MemoryError large dataset,22,advanced Python Pandas MemoryError large dataset debugging
Python Pandas MemoryError large dataset,23,Python Pandas MemoryError large dataset solved
Python Pandas MemoryError large dataset,24,Python Pandas MemoryError large dataset explained
Python Pandas MemoryError large dataset,25,fix Python Pandas MemoryError large dataset production
Python Pandas MemoryError large dataset,26,Python Pandas MemoryError large dataset common causes
Python Pandas MemoryError large dataset,27,how to debug Python Pandas MemoryError large dataset
Python Pandas MemoryError large dataset,28,Python Pandas MemoryError large dataset community solutions
Python Pandas MemoryError large dataset,29,Python Pandas MemoryError large dataset developer forum
Python Pandas MemoryError large dataset,30,fixing Python Pandas MemoryError large dataset forever
Python Pandas MemoryError large dataset,31,Python Pandas MemoryError large dataset examples
Python Pandas MemoryError large dataset,32,Python Pandas MemoryError large dataset deep dive
Python Pandas MemoryError large dataset,33,understanding Python Pandas MemoryError large dataset
Python Pandas MemoryError large dataset,34,Python Pandas MemoryError large dataset known bugs
Python Pandas MemoryError large dataset,35,Python Pandas MemoryError large dataset open source help
Python Pandas MemoryError large dataset,36,how to prevent Python Pandas MemoryError large dataset
Python Pandas MemoryError large dataset,37,Python Pandas MemoryError large dataset checklist
Python Pandas MemoryError large dataset,38,Python Pandas MemoryError large dataset step-by-step troubleshooting
Python Pandas MemoryError large dataset,39,Python Pandas MemoryError large dataset dev.to
Python Pandas MemoryError large dataset,40,Python Pandas MemoryError large dataset medium article
Python Pandas MemoryError large dataset,41,Python Pandas MemoryError large dataset hackernews
Python Pandas MemoryError large dataset,42,who has fixed Python Pandas MemoryError large dataset
Python Pandas MemoryError large dataset,43,Python Pandas MemoryError large dataset quick fix
Python Pandas MemoryError large dataset,44,Python Pandas MemoryError large dataset easy solution
Python Pandas MemoryError large dataset,45,expert advice on Python Pandas MemoryError large dataset
Python Pandas MemoryError large dataset,46,Python Pandas MemoryError large dataset exact steps
Python Pandas MemoryError large dataset,47,has anyone solved Python Pandas MemoryError large dataset
Python Pandas MemoryError large dataset,48,Python Pandas MemoryError large dataset top answers
Python Pandas MemoryError large dataset,49,Python Pandas MemoryError large dataset accepted answer
Python Pandas MemoryError large dataset,50,Python Pandas MemoryError large dataset code snippet
Next.js hydration error text content does not match,1,how to fix Next.js hydration error text content does not match
Next.js hydration error text content does not match,2,fix the Next.js hydration error text content does not match in my code
Next.js hydration error text content does not match,3,Next.js hydration error text content does not match github issue
Next.js hydration error text content does not match,4,write a patch to resolve Next.js hydration error text content does not match
Next.js hydration error text content does not match,5,Next.js hydration error text content does not match tutorial
Next.js hydration error text content does not match,6,why am I getting Next.js hydration error text content does not match
Next.js hydration error text content does not match,7,debug this Next.js hydration error text content does not match for me
Next.js hydration error text content does not match,8,troubleshooting Next.js hydration error text content does not match
Next.js hydration error text content does not match,9,provide a code solution for Next.js hydration error text content does not match
Next.js hydration error text content does not match,10,resolving Next.js hydration error text content does not match permanently
Next.js hydration error text content does not match,11,Next.js hydration error text content does not match error meaning
Next.js hydration error text content does not match,12,fix Next.js hydration error text content does not match fast
Next.js hydration error text content does not match,13,guide to fixing Next.js hydration error text content does not match
Next.js hydration error text content does not match,14,help with Next.js hydration error text content does not match
Next.js hydration error text content does not match,15,Next.js hydration error text content does not match reddit
Next.js hydration error text content does not match,16,Next.js hydration error text content does not match forum
Next.js hydration error text content does not match,17,what causes Next.js hydration error text content does not match
Next.js hydration error text content does not match,18,preventing Next.js hydration error text content does not match
Next.js hydration error text content does not match,19,Next.js hydration error text content does not match step by step fix
Next.js hydration error text content does not match,20,can't solve Next.js hydration error text content does not match
Next.js hydration error text content does not match,21,Next.js hydration error text content does not match simple fix
Next.js hydration error text content does not match,22,advanced Next.js hydration error text content does not match debugging
Next.js hydration error text content does not match,23,Next.js hydration error text content does not match solved
Next.js hydration error text content does not match,24,Next.js hydration error text content does not match explained
Next.js hydration error text content does not match,25,fix Next.js hydration error text content does not match production
Next.js hydration error text content does not match,26,Next.js hydration error text content does not match common causes
Next.js hydration error text content does not match,27,how to debug Next.js hydration error text content does not match
Next.js hydration error text content does not match,28,Next.js hydration error text content does not match community solutions
Next.js hydration error text content does not match,29,Next.js hydration error text content does not match developer forum
Next.js hydration error text content does not match,30,fixing Next.js hydration error text content does not match forever
Next.js hydration error text content does not match,31,Next.js hydration error text content does not match examples
Next.js hydration error text content does not match,32,Next.js hydration error text content does not match deep dive
Next.js hydration error text content does not match,33,understanding Next.js hydration error text content does not match
Next.js hydration error text content does not match,34,Next.js hydration error text content does not match known bugs
Next.js hydration error text content does not match,35,Next.js hydration error text content does not match open source help
Next.js hydration error text content does not match,36,how to prevent Next.js hydration error text content does not match
Next.js hydration error text content does not match,37,Next.js hydration error text content does not match checklist
Next.js hydration error text content does not match,38,Next.js hydration error text content does not match step-by-step troubleshooting
Next.js hydration error text content does not match,39,Next.js hydration error text content does not match dev.to
Next.js hydration error text content does not match,40,Next.js hydration error text content does not match medium article
Next.js hydration error text content does not match,41,Next.js hydration error text content does not match hackernews
Next.js hydration error text content does not match,42,who has fixed Next.js hydration error text content does not match
Next.js hydration error text content does not match,43,Next.js hydration error text content does not match quick fix
Next.js hydration error text content does not match,44,Next.js hydration error text content does not match easy solution
Next.js hydration error text content does not match,45,expert advice on Next.js hydration error text content does not match
Next.js hydration error text content does not match,46,Next.js hydration error text content does not match exact steps
Next.js hydration error text content does not match,47,has anyone solved Next.js hydration error text content does not match
Next.js hydration error text content does not match,48,Next.js hydration error text content does not match top answers
Next.js hydration error text content does not match,49,Next.js hydration error text content does not match accepted answer
Next.js hydration error text content does not match,50,Next.js hydration error text content does not match code snippet
Git merge conflict detached HEAD,1,how to fix Git merge conflict detached HEAD
Git merge conflict detached HEAD,2,fix the Git merge conflict detached HEAD in my code
Git merge conflict detached HEAD,3,Git merge conflict detached HEAD github issue
Git merge conflict detached HEAD,4,write a patch to resolve Git merge conflict detached HEAD
Git merge conflict detached HEAD,5,Git merge conflict detached HEAD tutorial
Git merge conflict detached HEAD,6,why am I getting Git merge conflict detached HEAD
Git merge conflict detached HEAD,7,debug this Git merge conflict detached HEAD for me
Git merge conflict detached HEAD,8,troubleshooting Git merge conflict detached HEAD
Git merge conflict detached HEAD,9,provide a code solution for Git merge conflict detached HEAD
Git merge conflict detached HEAD,10,resolving Git merge conflict detached HEAD permanently
Git merge conflict detached HEAD,11,Git merge conflict detached HEAD error meaning
Git merge conflict detached HEAD,12,fix Git merge conflict detached HEAD fast
Git merge conflict detached HEAD,13,guide to fixing Git merge conflict detached HEAD
Git merge conflict detached HEAD,14,help with Git merge conflict detached HEAD
Git merge conflict detached HEAD,15,Git merge conflict detached HEAD reddit
Git merge conflict detached HEAD,16,Git merge conflict detached HEAD forum
Git merge conflict detached HEAD,17,what causes Git merge conflict detached HEAD
Git merge conflict detached HEAD,18,preventing Git merge conflict detached HEAD
Git merge conflict detached HEAD,19,Git merge conflict detached HEAD step by step fix
Git merge conflict detached HEAD,20,can't solve Git merge conflict detached HEAD
Git merge conflict detached HEAD,21,Git merge conflict detached HEAD simple fix
Git merge conflict detached HEAD,22,advanced Git merge conflict detached HEAD debugging
Git merge conflict detached HEAD,23,Git merge conflict detached HEAD solved
Git merge conflict detached HEAD,24,Git merge conflict detached HEAD explained
Git merge conflict detached HEAD,25,fix Git merge conflict detached HEAD production
Git merge conflict detached HEAD,26,Git merge conflict detached HEAD common causes
Git merge conflict detached HEAD,27,how to debug Git merge conflict detached HEAD
Git merge conflict detached HEAD,28,Git merge conflict detached HEAD community solutions
Git merge conflict detached HEAD,29,Git merge conflict detached HEAD developer forum
Git merge conflict detached HEAD,30,fixing Git merge conflict detached HEAD forever
Git merge conflict detached HEAD,31,Git merge conflict detached HEAD examples
Git merge conflict detached HEAD,32,Git merge conflict detached HEAD deep dive
Git merge conflict detached HEAD,33,understanding Git merge conflict detached HEAD
Git merge conflict detached HEAD,34,Git merge conflict detached HEAD known bugs
Git merge conflict detached HEAD,35,Git merge conflict detached HEAD open source help
Git merge conflict detached HEAD,36,how to prevent Git merge conflict detached HEAD
Git merge conflict detached HEAD,37,Git merge conflict detached HEAD checklist
Git merge conflict detached HEAD,38,Git merge conflict detached HEAD step-by-step troubleshooting
Git merge conflict detached HEAD,39,Git merge conflict detached HEAD dev.to
Git merge conflict detached HEAD,40,Git merge conflict detached HEAD medium article
Git merge conflict detached HEAD,41,Git merge conflict detached HEAD hackernews
Git merge conflict detached HEAD,42,who has fixed Git merge conflict detached HEAD
Git merge conflict detached HEAD,43,Git merge conflict detached HEAD quick fix
Git merge conflict detached HEAD,44,Git merge conflict detached HEAD easy solution
Git merge conflict detached HEAD,45,expert advice on Git merge conflict detached HEAD
Git merge conflict detached HEAD,46,Git merge conflict detached HEAD exact steps
Git merge conflict detached HEAD,47,has anyone solved Git merge conflict detached HEAD
Git merge conflict detached HEAD,48,Git merge conflict detached HEAD top answers
Git merge conflict detached HEAD,49,Git merge conflict detached HEAD accepted answer
Git merge conflict detached HEAD,50,Git merge conflict detached HEAD code snippet